{
  "timestamp": "20260624_192841",
  "config": {
    "pop_size": 30,
    "generations": 50,
    "time_slots": 32,
    "objectives": [
      "waiting_time",
      "carbon_emission",
      "operating_cost"
    ],
    "fleet_size": 20
  },
  "num_pareto": 6,
  "recommended": {
    "schedule": [
      25.03565558771861,
      26.197342060070483,
      -25.981170173498747,
      22.456550769720945,
      17.919081420098745,
      -5.947733967567046,
      -16.166402852481085,
      -12.681537767332596,
      21.32451155121634,
      21.568328314450643,
      18.754202825406555,
      23.539015820615838,
      -16.308361579226066,
      20.649268831999628,
      19.029842985529488,
      18.253194405256036,
      21.701921022989495,
      30.16895033721505,
      32.292774993038144,
      -33.39805848359102,
      32.22736009222048,
      -14.450905065902521,
      34.09804818133384,
      18.879349025454328,
      -26.276320583159283,
      17.12382105820747,
      18.81321102732765,
      22.21318772865731,
      27.696576685102443,
      18.931433143964803,
      18.27830641853589,
      30.646715235873593
    ],
    "waiting_time": 12.942,
    "carbon_emission": 1471.6,
    "operating_cost": 4070.0,
    "topsis_score": 0.228363
  },
  "pareto_front": [
    {
      "schedule": [
        23.108691807645016,
        16.974290844397622,
        -14.073700014190942,
        22.54233795054936,
        17.6464194573751,
        -1.275421027689073,
        -49.76007807828554,
        -25.697697479597164,
        21.593180193832914,
        22.769315377959277,
        18.279455104723908,
        21.26057837224112,
        -16.363785817991037,
        21.628160248541498,
        20.700645503506156,
        17.836583389321014,
        21.8781081881786,
        27.291585020298285,
        32.347948019073165,
        -34.93216404863572,
        31.300167933173675,
        -17.184375379578047,
        33.39572381788722,
        22.30806593192972,
        -27.611723397243424,
        19.649505787725086,
        18.18674847895612,
        21.668468814836473,
        28.30323250783088,
        18.757227431784923,
        17.831137887933135,
        25.792256361691813
      ],
      "waiting_time": 12.921,
      "carbon_emission": 1540.0,
      "operating_cost": 4070.0
    },
    {
      "schedule": [
        25.03565558771861,
        26.197342060070483,
        -25.981170173498747,
        22.456550769720945,
        17.919081420098745,
        -5.947733967567046,
        -16.166402852481085,
        -12.681537767332596,
        21.32451155121634,
        21.568328314450643,
        18.754202825406555,
        23.539015820615838,
        -16.308361579226066,
        20.649268831999628,
        19.029842985529488,
        18.253194405256036,
        21.701921022989495,
        30.16895033721505,
        32.292774993038144,
        -33.39805848359102,
        32.22736009222048,
        -14.450905065902521,
        34.09804818133384,
        18.879349025454328,
        -26.276320583159283,
        17.12382105820747,
        18.81321102732765,
        22.21318772865731,
        27.696576685102443,
        18.931433143964803,
        18.27830641853589,
        30.646715235873593
      ],
      "waiting_time": 12.942,
      "carbon_emission": 1471.6,
      "operating_cost": 4070.0
    },
    {
      "schedule": [
        24.829493221714458,
        23.043147275519164,
        -11.217072740874826,
        21.249961375329498,
        21.040097007897742,
        -4.9426519589194635,
        -24.174114262755882,
        -13.668296651880002,
        25.98574395788833,
        33.91659380774344,
        15.659076152100928,
        21.161993652765936,
        -14.312977966265795,
        20.20667667354475,
        18.52487825977715,
        16.996088808175887,
        20.54448093885929,
        35.8945365033842,
        34.402228317934814,
        -35.11034935818974,
        31.040976517743925,
        -16.49731122603231,
        31.362081529704575,
        27.152173483053033,
        -26.807598828611322,
        18.404798648169418,
        18.083938380555512,
        25.471674407600368,
        26.584072238422287,
        22.59980329088024,
        18.307881338724563,
        35.15341305515079
      ],
      "waiting_time": 13.58,
      "carbon_emission": 1437.4,
      "operating_cost": 4070.0
    },
    {
      "schedule": [
        22.874788642447708,
        17.542033694542774,
        -14.21069780183753,
        22.252430468931326,
        20.028163682226996,
        -5.233665534765692,
        -32.61940739081527,
        -10.058145365575196,
        25.228957202333277,
        28.96776609185006,
        18.782803178357163,
        22.403311272255543,
        -16.34648001653036,
        19.856221115594373,
        17.72931044682582,
        17.230317993064645,
        22.486148076604408,
        32.671647949669065,
        34.10956295639431,
        -44.28847497887202,
        36.35970308612212,
        -16.062420478782098,
        35.1453707787845,
        30.096296651631807,
        -31.5494480094509,
        17.960157437342964,
        17.672122767979346,
        30.156841305518398,
        23.91651022332787,
        17.6468289306333,
        19.63901163019556,
        31.63603372772772
      ],
      "waiting_time": 13.663,
      "carbon_emission": 1403.2,
      "operating_cost": 4070.0
    },
    {
      "schedule": [
        23.742928253679896,
        42.650270265927986,
        -25.321304084296678,
        22.136386854867204,
        17.499720540949763,
        -8.679570833758088,
        -18.029455681177144,
        -27.005780512644787,
        23.94013266224097,
        43.808886519459875,
        17.207930356873998,
        19.10237698711173,
        -15.986098940320044,
        23.8046922891968,
        18.47310086441397,
        18.764149200555877,
        22.348270554623383,
        29.832487796183155,
        32.225879482350464,
        -12.05987824582099,
        32.36334021984747,
        -23.862422289359763,
        31.42814752490994,
        31.990839512834604,
        -30.71193706616147,
        18.676272380472955,
        17.477252295953257,
        23.424199031411693,
        33.942436516779054,
        18.72972481088465,
        20.662657447588703,
        31.483408089161387
      ],
      "waiting_time": 13.794,
      "carbon_emission": 1369.0,
      "operating_cost": 4070.0
    },
    {
      "schedule": [
        24.02555069062936,
        35.09146984721159,
        -24.310665391581683,
        22.53880111092197,
        19.2139247400742,
        -21.460967966262672,
        -19.859093332720917,
        -9.390246619199356,
        23.64377152084481,
        49.72963306187265,
        18.78351852722258,
        20.083150240273447,
        -16.22481505370035,
        19.917377682889494,
        19.042388472887122,
        16.948445834493292,
        21.944567375674563,
        31.246730003857728,
        36.97403670782663,
        -11.547253998511788,
        31.274459356118665,
        -23.00824611364452,
        30.697951833781133,
        31.37824652004744,
        -25.950829979679384,
        18.30313612480653,
        19.484210518284783,
        27.478313301247184,
        30.733145958910363,
        19.268396931787603,
        20.318191316208477,
        31.70484685869914
      ],
      "waiting_time": 14.061,
      "carbon_emission": 1334.8,
      "operating_cost": 4070.0
    }
  ]
}