{
  "timestamp": "20260624_191255",
  "config": {
    "pop_size": 30,
    "generations": 50,
    "time_slots": 32,
    "objectives": [
      "waiting_time",
      "carbon_emission",
      "operating_cost"
    ],
    "fleet_size": 20
  },
  "num_pareto": 6,
  "recommended": {
    "schedule": [
      37.20743709283143,
      -14.197715314725663,
      26.70404555458547,
      22.015984496523387,
      17.03120353401623,
      19.583836180849303,
      22.857525164915366,
      16.67804363625892,
      32.469867992777594,
      22.18038646812594,
      30.5256922606119,
      20.05845314368128,
      24.596846985916685,
      17.2581164864506,
      21.73271536857808,
      18.466922281066182,
      35.54351607872593,
      18.03428927298807,
      -10.527280786242882,
      -41.275135542002886,
      23.769094133838117,
      16.672439112464204,
      23.369467715005896,
      -8.766492912030545,
      17.40080368984252,
      -53.23469825300061,
      17.51570559187626,
      15.72251833305888,
      18.01355390886653,
      30.030629940226163,
      17.985823239668562,
      18.174647987498837
    ],
    "waiting_time": 13.934,
    "carbon_emission": 1677.55,
    "operating_cost": 4703.75,
    "topsis_score": 0.24984
  },
  "pareto_front": [
    {
      "schedule": [
        20.5291007671161,
        -13.81795960721076,
        27.961446889591784,
        21.897600762984283,
        17.329388906837796,
        20.178355285381922,
        15.200156167525117,
        17.480144781303792,
        22.010796359097824,
        21.48198433868578,
        27.353092945136382,
        19.568228314468133,
        24.47939398311348,
        20.488061620875573,
        21.574275059843195,
        16.624836090815982,
        36.46667274607621,
        17.784879146880343,
        -10.84735260547416,
        -41.25996605313155,
        23.72537997927931,
        16.740881184743092,
        22.670814128709832,
        -4.779135413868327,
        17.28147390356701,
        -27.161479129175852,
        17.48683648195981,
        15.566290364860997,
        16.763093666128583,
        30.042474881386052,
        18.022646818291964,
        18.07847203058596
      ],
      "waiting_time": 13.482,
      "carbon_emission": 1780.15,
      "operating_cost": 4703.75
    },
    {
      "schedule": [
        21.09705289772328,
        -16.994516740254536,
        27.841357399136708,
        21.764652045186274,
        17.682456065951744,
        16.947809277548952,
        15.363976823325405,
        17.188724294372363,
        23.19368038579148,
        20.966775404420552,
        40.928650199063355,
        19.28967071078612,
        24.246090915388866,
        20.37410827987722,
        19.16655375961058,
        17.37678876387867,
        33.66245432061936,
        19.496432936576284,
        -10.616651178989608,
        -39.17490504876299,
        23.63105894359689,
        18.470851873539516,
        20.492187209672835,
        -0.9808564203673185,
        17.150307649045317,
        -34.483429692773875,
        15.902570564224927,
        17.02506869365132,
        24.422554034310828,
        33.11507739445268,
        18.509270569566265,
        17.471794484842132
      ],
      "waiting_time": 13.627,
      "carbon_emission": 1745.95,
      "operating_cost": 4703.75
    },
    {
      "schedule": [
        37.20743709283143,
        -14.197715314725663,
        26.70404555458547,
        22.015984496523387,
        17.03120353401623,
        19.583836180849303,
        22.857525164915366,
        16.67804363625892,
        32.469867992777594,
        22.18038646812594,
        30.5256922606119,
        20.05845314368128,
        24.596846985916685,
        17.2581164864506,
        21.73271536857808,
        18.466922281066182,
        35.54351607872593,
        18.03428927298807,
        -10.527280786242882,
        -41.275135542002886,
        23.769094133838117,
        16.672439112464204,
        23.369467715005896,
        -8.766492912030545,
        17.40080368984252,
        -53.23469825300061,
        17.51570559187626,
        15.72251833305888,
        18.01355390886653,
        30.030629940226163,
        17.985823239668562,
        18.174647987498837
      ],
      "waiting_time": 13.934,
      "carbon_emission": 1677.55,
      "operating_cost": 4703.75
    },
    {
      "schedule": [
        32.01967864482003,
        -212.27428016791046,
        26.872619229477223,
        21.9800504357602,
        17.014334923949377,
        19.17644251883555,
        31.680949697694565,
        22.860851767264904,
        30.029843871476878,
        22.762335515905246,
        30.040907829380476,
        18.72649946543722,
        24.1864221728451,
        17.17211691489195,
        18.36393536564521,
        17.174473339452998,
        35.27051803134931,
        17.674870212380146,
        -18.327748866555684,
        -39.8087928509898,
        23.754434663362893,
        17.148985583,
        31.984741718177162,
        -32.05845896257754,
        21.581237298266057,
        -58.15343263195362,
        15.343159382865803,
        16.34396007890325,
        23.02423615484845,
        42.386795649953164,
        18.743735253164402,
        19.7626405550904
      ],
      "waiting_time": 14.68,
      "carbon_emission": 1609.15,
      "operating_cost": 4703.75
    },
    {
      "schedule": [
        30.332510078160574,
        -129.7953326751918,
        24.416176522574485,
        24.34762929632217,
        16.865957338945258,
        22.420896356338705,
        30.34696467848513,
        20.7514890293495,
        21.084166244576323,
        22.367240834535806,
        30.205237271664235,
        21.477458349985987,
        25.807146523998643,
        19.977919055903733,
        21.247379692573702,
        17.979814816374372,
        37.42109783701769,
        18.377089209376212,
        -25.3374089722516,
        -51.57172446332381,
        25.944613194095766,
        17.222324461108897,
        35.33006499051653,
        -37.76073358214259,
        15.512078936774776,
        -34.627032723513075,
        30.706984017905043,
        17.28325149446592,
        31.561336941036238,
        32.55349689099197,
        16.8319209560007,
        20.68083607736164
      ],
      "waiting_time": 15.129,
      "carbon_emission": 1574.95,
      "operating_cost": 4703.75
    },
    {
      "schedule": [
        16.073642855614466,
        -79.00378069357349,
        31.16899733444276,
        19.880692646056332,
        16.88837119895381,
        19.020274608818394,
        31.23580049824547,
        40.85220121379455,
        22.628946551103812,
        18.78651187583851,
        29.901265575133415,
        21.088115062049667,
        24.400913001124476,
        18.418671861510628,
        21.293416757292704,
        18.71790643375029,
        38.147638700178035,
        31.035932448213522,
        -9.350276790502221,
        -63.698444978737335,
        34.567430734627266,
        19.768057155876285,
        33.11835993217659,
        -42.54671369430764,
        15.413370211885233,
        -44.485704432873426,
        32.00233784748164,
        21.020100182944045,
        24.851094813449883,
        38.413186760646504,
        16.946643984427308,
        15.59891593183584
      ],
      "waiting_time": 16.02,
      "carbon_emission": 1540.75,
      "operating_cost": 4703.75
    }
  ]
}